# 4 MB ESP32-C6 layout: two 1.6875 MB OTA apps, 488 KB SPIFFS, Zigbee storage
# Name,     Type, SubType, Offset,  Size, Flags
nvs,        data, nvs,     0x9000,  0x5000,
otadata,    data, ota,     0xe000,  0x2000,
app0,       app,  ota_0,   0x10000, 0x1B0000,
app1,       app,  ota_1,   0x1C0000,0x1B0000,
spiffs,     data, spiffs,  0x370000,0x7A000,
zb_storage, data, fat,     0x3EA000,0x4000,
zb_fct,     data, fat,     0x3EE000,0x1000,
rcp_fw,     data, spiffs,  0x3EF000,0x1000,
coredump,   data, coredump,0x3F0000,0x10000,
