# 8 MB layout: dual 3 MB OTA applications, 1.85 MB SPIFFS, Zigbee storage.
# Copy this file to partitions.csv and select 8 MB flash before building.
# Name,     Type, SubType, Offset,  Size, Flags
nvs,        data, nvs,     0x9000,  0x5000,
otadata,    data, ota,     0xe000,  0x2000,
app0,       app,  ota_0,   0x10000, 0x300000,
app1,       app,  ota_1,   0x310000,0x300000,
spiffs,     data, spiffs,  0x610000,0x1DA000,
zb_storage, data, fat,     0x7EA000,0x4000,
zb_fct,     data, fat,     0x7EE000,0x1000,
rcp_fw,     data, spiffs,  0x7EF000,0x1000,
coredump,   data, coredump,0x7F0000,0x10000,
